Year,Dist Name,JULY MINIMUM (Centigrate),AUGUST MINIMUM (Centigrate),SEPTEMBER MINIMUM (Centigrate),OCTOBER MINIMUM (Centigrate),MIN TEMP,MAX TEMP,Avg Temp
1997,Thane,25.01,23.85,23.11,21.79,23.44,23.05,23.24
1998,Thane,25.18,24.4,23.54,23.27,24.0975,23.826875,23.9621875
1999,Thane,24.57,23.8,22.95,21.86,23.295,22.97625,23.135625
2000,Thane,24.32,23.97,23.23,23.45,23.74,23.60,23.67
2001,Thane,23.91,23.72,23.69,22.13,23.36,23.23,23.29
2002,Thane,24.98,23.5,23.13,22.86,23.6175,23.276875,23.4471875
2003,Thane,25.16,24.09,22.95,22.62,23.71,23.34,23.52
2004,Thane,24.87,23.15,23.42,21.64,23.27,22.87,23.07
2005,Thane,24.72,23.5,22.84,21.97,23.2575,22.891875,23.0746875
2006,Thane,24.16,22.96,23.38,22.4,23.225,22.99125,23.108125
2007,Thane,24.84,23.94,23.67,22.57,23.76,23.48,23.62
2008,Thane,24.3,23.6,23.03,22.36,23.3225,23.078125,23.2003125
2009,Thane,24.44,24.42,23.99,22.03,23.72,23.54,23.63
2010,Thane,24.68,24.18,23.68,22.88,23.86,23.65,23.75
2011,Thane,24.45,23.94,23.0,22.34,23.4325,23.178125,23.3053125
2012,Thane,25.35,24.39,23.26,22.43,23.86,23.48,23.67
2013,Thane,23.57,23.4,23.25,22.55,23.1925,23.098125,23.1453125
2014,Thane,24.81,24.12,23.47,22.47,23.72,23.44,23.58
2015,Thane,24.81,24.12,23.47,22.47,23.72,23.44,23.58
1997,Ratnagiri,24.1,23.26,23.07,22.54,23.2425,23.028125,23.1353125
1998,Ratnagiri,24.25,23.86,23.22,23.14,23.62,23.46,23.54
1999,Ratnagiri,23.43,23.29,22.7,22.34,22.94,22.8175,22.87875
2000,Ratnagiri,23.39,23.21,22.95,23.45,23.25,23.22,23.23
2001,Ratnagiri,23.22,23.07,23.27,22.22,22.95,22.88,22.91
2002,Ratnagiri,23.93,23.13,22.99,23.09,23.29,23.12,23.20
2003,Ratnagiri,24.31,23.39,22.47,22.61,23.20,22.92,23.06
2004,Ratnagiri,23.45,22.87,22.81,22.25,22.85,22.69,22.77
2005,Ratnagiri,24.04,23.24,22.83,22.51,23.16,22.93,23.04
2006,Ratnagiri,23.52,22.9,23.07,22.75,23.06,22.945,23.0025
2007,Ratnagiri,24.1,23.46,23.02,22.87,23.3625,23.178125,23.2703125
2008,Ratnagiri,23.62,23.2,22.8,22.79,23.1025,22.973125,23.0378125
2009,Ratnagiri,23.61,23.84,23.51,22.52,23.37,23.31,23.34
2010,Ratnagiri,23.74,23.72,23.15,22.84,23.36,23.27,23.32
2011,Ratnagiri,23.37,23.26,22.58,22.75,22.99,22.90,22.94
2012,Ratnagiri,23.97,23.51,22.86,22.82,23.29,23.12,23.21
2013,Ratnagiri,22.79,22.92,23.03,22.61,22.84,22.85,22.84
2014,Ratnagiri,23.77,23.59,23.01,22.48,23.21,23.07,23.14
2015,Ratnagiri,23.77,23.59,23.01,22.48,23.21,23.07,23.14
1997,Nasik,22.7,21.54,20.64,18.57,20.8625,20.403125,20.6328125
1998,Nasik,22.94,22.16,21.17,20.4,21.6675,21.349375,21.5084375
1999,Nasik,22.38,21.46,20.55,18.8,20.7975,20.401875,20.5996875
2000,Nasik,22.09,21.84,20.79,20.47,21.30,21.10,21.20
2001,Nasik,21.89,21.5,21.31,18.89,20.8975,20.649375,20.7734375
2002,Nasik,22.89,20.98,20.63,20.08,21.15,20.71,20.93
2003,Nasik,22.88,21.93,20.55,19.4,21.19,20.7675,20.97875
2004,Nasik,23.05,20.7,21.1,18.33,20.795,20.23125,20.513125
2005,Nasik,22.47,21.1,20.24,18.49,20.575,20.10125,20.338125
2006,Nasik,21.8,20.57,20.79,19.32,20.62,20.325,20.4725
2007,Nasik,22.61,21.44,21.17,19.16,21.10,20.72,20.91
2008,Nasik,22.48,21.4,20.3,19.27,20.8625,20.458125,20.6603125
2009,Nasik,22.3,22.27,21.99,18.91,21.3675,21.134375,21.2509375
2010,Nasik,22.64,21.93,21.44,19.98,21.50,21.21,21.35
2011,Nasik,22.34,21.7,20.68,19.67,21.0975,20.786875,20.9421875
2012,Nasik,23.25,22.26,21.03,19.45,21.50,21.06,21.28
2013,Nasik,21.59,21.17,20.9,19.63,20.8225,20.630625,20.7265625
2014,Nasik,22.92,22.09,21.13,19.82,21.49,21.13,21.31
2015,Nasik,22.92,22.09,21.13,19.82,21.49,21.13,21.31
1997,Dhule,24.04,23.3,22.5,19.38,22.305,21.87125,22.088125
1998,Dhule,24.41,23.98,23.12,21.59,23.28,22.99,23.13
1999,Dhule,23.84,23.16,22.43,19.79,22.31,21.92,22.11
2000,Dhule,23.45,23.79,22.63,21.53,22.85,22.70,22.78
2001,Dhule,23.34,23.28,22.93,19.65,22.30,22.04,22.17
2002,Dhule,24.6,22.55,22.38,21.45,22.745,22.28125,22.513125
2003,Dhule,23.87,23.54,21.96,20.02,22.35,21.97,22.16
2004,Dhule,24.58,22.46,23.11,19.33,22.37,21.82,22.09
2005,Dhule,24.04,22.85,21.94,19.21,22.01,21.50,21.76
2006,Dhule,23.17,22.13,22.37,20.25,21.98,21.68,21.83
2007,Dhule,23.95,23.02,22.7,19.56,22.3075,21.896875,22.1021875
2008,Dhule,24.1,23.43,21.93,20.38,22.46,22.05,22.255
2009,Dhule,23.79,24.29,24.19,19.75,23.01,22.81,22.91
2010,Dhule,24.12,23.68,23.47,21.25,23.13,22.88,23.01
2011,Dhule,23.63,23.44,22.59,21.35,22.75,22.53,22.64
2012,Dhule,24.54,23.94,22.84,20.57,22.97,22.58,22.78
2013,Dhule,23.2,23.12,22.84,20.36,22.38,22.175,22.2775
2014,Dhule,24.74,24.33,22.82,21.58,23.37,23.02,23.20
2015,Dhule,24.74,24.33,22.82,21.58,23.37,23.02,23.20
1997,Jalgaon,23.89,23.24,22.44,19.1,22.1675,21.736875,21.9521875
1998,Jalgaon,24.45,23.9,23.16,21.32,23.2075,22.896875,23.0521875
1999,Jalgaon,23.79,23.01,22.28,19.56,22.16,21.75,21.96
2000,Jalgaon,23.36,23.76,22.71,21.34,22.79,22.65,22.72
2001,Jalgaon,23.53,23.16,23.08,19.26,22.26,21.94,22.10
2002,Jalgaon,24.72,22.37,22.2,21.25,22.635,22.11375,22.374375
2003,Jalgaon,23.78,23.52,22.05,19.63,22.25,21.86,22.05
2004,Jalgaon,24.66,22.59,23.02,19.1,22.3425,21.763125,22.0528125
2005,Jalgaon,24.15,23.14,22.23,19.31,22.21,21.72,21.96
2006,Jalgaon,23.22,22.37,22.4,20.05,22.01,21.7075,21.85875
2007,Jalgaon,24.05,23.14,22.78,19.39,22.34,21.91,22.13
2008,Jalgaon,24.32,23.48,21.97,20.19,22.49,22.03,22.26
2009,Jalgaon,23.81,24.33,24.24,19.63,23.00,22.80,22.90
2010,Jalgaon,24.07,23.63,23.38,20.82,22.98,22.70,22.84
2011,Jalgaon,23.67,23.41,22.65,21.44,22.79,22.57,22.68
2012,Jalgaon,24.25,23.94,22.89,20.44,22.88,22.54,22.71
2013,Jalgaon,23.34,23.12,23.07,20.17,22.43,22.20,22.31
2014,Jalgaon,25.04,24.71,22.96,21.59,23.58,23.21,23.39
2015,Jalgaon,25.04,24.71,22.96,21.59,23.58,23.21,23.39
1997,Ahmednagar,22.28,21.3,20.57,18.95,20.775,20.39875,20.586875
1998,Ahmednagar,22.62,21.92,21.08,20.33,21.49,21.20,21.35
1999,Ahmednagar,21.91,21.23,20.34,18.98,20.62,20.29,20.45
2000,Ahmednagar,21.65,21.57,20.73,20.6,21.1375,21.009375,21.0734375
2001,Ahmednagar,22.11,21.36,21.33,18.99,20.95,20.66,20.80
2002,Ahmednagar,22.64,20.95,20.92,20.34,21.21,20.86,21.03
2003,Ahmednagar,22.63,21.77,21.05,20.15,21.40,21.09,21.25
2004,Ahmednagar,22.69,20.83,20.67,18.63,20.71,20.21,20.46
2005,Ahmednagar,22.01,21.1,20.39,18.83,20.5825,20.225625,20.4040625
2006,Ahmednagar,21.4,20.74,20.58,19.32,20.51,20.2875,20.39875
2007,Ahmednagar,22.29,21.4,21.08,19.98,21.1875,20.911875,21.0496875
2008,Ahmednagar,22.64,21.27,20.11,19.3,20.83,20.3775,20.60375
2009,Ahmednagar,21.77,21.99,21.74,19.5,21.25,21.12,21.185
2010,Ahmednagar,21.94,21.57,21.03,20.02,21.14,20.94,21.04
2011,Ahmednagar,21.94,21.35,20.74,20.01,21.01,20.78,20.89
2012,Ahmednagar,22.76,22.24,21.07,19.71,21.45,21.12,21.28
2013,Ahmednagar,21.37,21.18,20.85,19.96,20.84,20.71,20.77
2014,Ahmednagar,22.41,21.75,21.32,20.12,21.40,21.15,21.27
2015,Ahmednagar,22.41,21.75,21.32,20.12,21.40,21.15,21.27
1997,Pune,22.14,21.0,20.29,18.82,20.5625,20.168125,20.3653125
1998,Pune,22.36,21.6,20.73,19.9,21.1475,20.844375,20.9959375
1999,Pune,21.64,20.98,20.01,18.78,20.35,20.03,20.19
2000,Pune,21.44,21.16,20.39,20.24,20.81,20.65,20.73
2001,Pune,21.47,21.0,20.88,18.79,20.535,20.30125,20.418125
2002,Pune,22.07,20.73,20.41,19.79,20.75,20.42,20.59
2003,Pune,22.56,21.41,20.46,19.82,21.06,20.69,20.88
2004,Pune,22.12,20.4,20.4,18.57,20.3725,19.935625,20.1540625
2005,Pune,21.82,20.93,20.13,18.79,20.42,20.07,20.24
2006,Pune,21.19,20.27,20.51,19.17,20.29,20.06,20.17
2007,Pune,22.1,21.22,20.76,19.73,20.9525,20.665625,20.8090625
2008,Pune,21.95,21.02,20.05,19.08,20.53,20.17,20.35
2009,Pune,21.45,21.61,21.11,19.15,20.83,20.68,20.75
2010,Pune,21.81,21.43,20.76,19.61,20.90,20.68,20.79
2011,Pune,21.63,21.08,20.27,19.32,20.58,20.31,20.44
2012,Pune,22.45,21.71,20.5,19.34,21,20.6375,20.81875
2013,Pune,20.81,20.81,20.4,19.48,20.375,20.26625,20.320625
2014,Pune,21.88,21.36,20.79,19.54,20.89,20.65,20.77
2015,Pune,21.88,21.36,20.79,19.54,20.89,20.65,20.77
1997,Satara,21.5,20.49,20.05,19.19,20.3075,20.009375,20.1584375
1998,Satara,21.7,21.09,20.28,19.88,20.7375,20.496875,20.6171875
1999,Satara,20.84,20.48,19.67,18.98,19.99,19.78,19.89
2000,Satara,20.79,20.53,20.0,20.22,20.385,20.28375,20.334375
2001,Satara,20.85,20.43,20.41,18.9,20.1475,19.971875,20.0596875
2002,Satara,21.36,20.33,20.2,19.91,20.45,20.2225,20.33625
2003,Satara,21.93,20.88,20.02,19.79,20.66,20.34,20.50
2004,Satara,21.26,19.98,19.94,18.91,20.02,19.71,19.87
2005,Satara,21.29,20.52,19.82,19.0,20.1575,19.874375,20.0159375
2006,Satara,20.69,19.97,20.19,19.55,20.10,19.95,20.03
2007,Satara,21.55,20.72,20.11,19.93,20.58,20.33,20.46
2008,Satara,21.37,20.57,19.72,19.4,20.265,19.98875,20.126875
2009,Satara,20.8,21.0,20.53,19.28,20.4025,20.303125,20.3528125
2010,Satara,21.21,20.93,20.3,19.62,20.515,20.34125,20.428125
2011,Satara,20.92,20.52,19.85,19.59,20.22,20.05,20.13
2012,Satara,21.62,21.09,20.13,19.52,20.59,20.33,20.46
2013,Satara,20.17,20.36,20.04,19.57,20.04,20.00,20.02
2014,Satara,21.11,20.85,20.27,19.68,20.48,20.32,20.40
2015,Satara,21.11,20.85,20.27,19.68,20.48,20.32,20.40
1997,Sangli,21.69,20.95,20.57,19.96,20.79,20.57,20.68
1998,Sangli,21.92,21.5,20.73,20.54,21.1725,20.985625,21.0790625
1999,Sangli,21.07,20.94,20.16,19.76,20.48,20.34,20.41
2000,Sangli,20.98,20.91,20.44,20.85,20.80,20.75,20.77
2001,Sangli,21.33,20.83,20.84,19.69,20.67,20.51,20.59
2002,Sangli,21.64,20.86,21.0,20.72,21.055,20.90875,20.981875
2003,Sangli,22.18,21.49,20.85,20.86,21.35,21.14,21.24
2004,Sangli,21.6,20.59,20.5,19.93,20.655,20.41875,20.536875
2005,Sangli,21.33,20.97,20.23,19.74,20.57,20.38,20.47
2006,Sangli,20.94,20.53,20.76,20.54,20.69,20.63,20.66
2007,Sangli,21.77,21.13,20.37,20.85,21.03,20.85,20.94
2008,Sangli,21.9,21.12,20.12,20.29,20.8575,20.596875,20.7271875
2009,Sangli,20.98,21.37,20.78,20.09,20.81,20.76,20.78
2010,Sangli,21.41,21.27,20.72,20.35,20.94,20.82,20.88
2011,Sangli,21.29,20.92,20.53,20.63,20.84,20.73,20.79
2012,Sangli,21.8,21.61,20.74,20.26,21.1025,20.928125,21.0153125
2013,Sangli,20.42,20.99,20.42,20.45,20.57,20.61,20.59
2014,Sangli,21.24,21.27,20.83,20.81,21.04,20.99,21.01
2015,Sangli,21.24,21.27,20.83,20.81,21.04,20.99,21.01
1997,Solapur,22.44,21.58,21.28,20.4,21.425,21.17125,21.298125
1998,Solapur,22.76,22.08,21.57,21.25,21.92,21.70,21.81
1999,Solapur,21.91,21.47,20.85,20.25,21.12,20.92,21.02
2000,Solapur,21.76,21.62,21.24,21.61,21.56,21.51,21.53
2001,Solapur,22.59,21.41,21.84,20.35,21.55,21.29,21.42
2002,Solapur,22.66,21.49,22.13,21.47,21.94,21.76,21.85
2003,Solapur,22.67,22.01,21.99,21.9,22.1425,22.010625,22.0765625
2004,Solapur,22.62,21.63,21.34,20.49,21.52,21.25,21.38
2005,Solapur,21.95,21.32,20.98,20.1,21.0875,20.871875,20.9796875
2006,Solapur,21.83,21.4,21.44,20.8,21.3675,21.251875,21.3096875
2007,Solapur,22.62,21.73,21.17,21.47,21.75,21.53,21.64
2008,Solapur,23.2,21.66,20.71,20.7,21.5675,21.159375,21.3634375
2009,Solapur,22.07,22.24,21.82,20.93,21.77,21.69,21.73
2010,Solapur,21.92,21.68,21.38,21.07,21.51,21.41,21.46
2011,Solapur,22.24,21.58,21.62,21.6,21.76,21.64,21.7
2012,Solapur,22.73,22.39,21.65,20.81,21.90,21.69,21.79
2013,Solapur,21.32,21.71,21.31,21.26,21.40,21.42,21.41
2014,Solapur,22.31,22.04,21.79,21.86,22.00,21.92,21.96
2015,Solapur,22.31,22.04,21.79,21.86,22.00,21.92,21.96
1997,Kolhapur,20.94,20.09,19.6,19.18,19.9525,19.705625,19.8290625
1998,Kolhapur,21.14,20.66,19.63,19.54,20.24,20.02,20.13
1999,Kolhapur,20.21,20.15,19.18,18.88,19.61,19.45,19.53
2000,Kolhapur,20.18,19.98,19.4,19.85,19.8525,19.770625,19.8115625
2001,Kolhapur,20.21,19.86,19.68,18.72,19.62,19.47,19.54
2002,Kolhapur,20.7,19.96,19.55,19.59,19.95,19.7625,19.85625
2003,Kolhapur,21.29,20.39,19.17,19.27,20.03,19.72,19.87
2004,Kolhapur,20.41,19.7,19.29,18.97,19.5925,19.388125,19.4903125
2005,Kolhapur,20.79,20.11,19.21,19.02,19.78,19.53,19.66
2006,Kolhapur,20.29,19.73,19.62,19.44,19.77,19.64,19.71
2007,Kolhapur,20.98,20.25,19.27,19.47,19.99,19.75,19.87
2008,Kolhapur,20.67,20.16,19.21,19.43,19.87,19.67,19.77
2009,Kolhapur,20.31,20.61,19.8,19.05,19.9425,19.850625,19.8965625
2010,Kolhapur,20.62,20.57,19.56,19.23,20.00,19.84,19.92
2011,Kolhapur,20.32,20.04,19.07,19.45,19.72,19.57,19.65
2012,Kolhapur,20.71,20.34,19.3,19.31,19.915,19.71625,19.815625
2013,Kolhapur,19.65,19.87,19.39,19.07,19.50,19.46,19.48
2014,Kolhapur,20.48,20.45,19.5,19.14,19.8925,19.745625,19.8190625
2015,Kolhapur,20.48,20.45,19.5,19.14,19.8925,19.745625,19.8190625
1997,Parbhani,22.95,22.37,21.6,19.35,21.5675,21.221875,21.3946875
1998,Parbhani,23.54,22.89,22.18,20.83,22.36,22.07,22.21
1999,Parbhani,22.71,22.11,21.22,19.48,21.38,21.05,21.21
2000,Parbhani,22.36,22.65,21.73,21.19,21.98,21.89,21.94
2001,Parbhani,23.21,22.02,22.66,19.72,21.90,21.58,21.74
2002,Parbhani,24.36,21.88,22.05,20.75,22.26,21.74,22.00
2003,Parbhani,22.86,22.89,22.64,20.66,22.26,22.11,22.19
2004,Parbhani,23.45,22.6,21.35,19.09,21.6225,21.165625,21.3940625
2005,Parbhani,22.84,21.99,21.52,19.6,21.4875,21.149375,21.3184375
2006,Parbhani,22.5,22.41,21.71,19.88,21.625,21.40625,21.515625
2007,Parbhani,23.53,22.64,21.8,20.08,22.0125,21.633125,21.8228125
2008,Parbhani,23.64,22.36,21.24,20.08,21.83,21.38,21.60
2009,Parbhani,23.17,23.27,23.02,20.22,22.42,22.23,22.33
2010,Parbhani,22.64,22.45,22.09,20.76,21.99,21.82,21.90
2011,Parbhani,22.6,22.29,22.14,20.78,21.9525,21.790625,21.8715625
2012,Parbhani,22.8,23.03,22.42,20.01,22.065,21.88125,21.973125
2013,Parbhani,22.61,22.49,22.3,20.14,21.885,21.70375,21.794375
2014,Parbhani,23.88,23.61,22.2,20.93,22.655,22.34875,22.501875
2015,Parbhani,23.88,23.61,22.2,20.93,22.655,22.34875,22.501875
1997,Beed,21.95,21.07,20.54,18.95,20.63,20.30,20.46
1998,Beed,22.38,21.64,21.02,20.26,21.33,21.06,21.19
1999,Beed,21.59,20.94,20.17,19.02,20.43,20.14,20.29
2000,Beed,21.32,21.3,20.66,20.61,20.9725,20.885625,20.9290625
2001,Beed,22.2,20.97,21.46,19.09,20.93,20.6125,20.77125
2002,Beed,22.99,20.8,21.24,20.36,21.3475,20.936875,21.1421875
2003,Beed,22.06,21.65,21.6,20.51,21.455,21.30375,21.379375
2004,Beed,22.39,21.32,20.2,18.55,20.615,20.17125,20.393125
2005,Beed,21.67,20.59,20.3,18.88,20.36,20.0325,20.19625
2006,Beed,21.34,21.08,20.5,19.2,20.53,20.3275,20.42875
2007,Beed,22.31,21.34,20.77,20.04,21.12,20.82,20.97
2008,Beed,22.81,21.05,19.99,19.41,20.82,20.32,20.57
2009,Beed,21.8,21.91,21.75,19.75,21.3025,21.178125,21.2403125
2010,Beed,21.5,21.19,20.81,20.23,20.9325,20.790625,20.8615625
2011,Beed,21.54,21.05,21.08,20.32,21.00,20.86,20.93
2012,Beed,22.18,22.03,21.4,19.68,21.3225,21.108125,21.2153125
2013,Beed,21.46,21.24,20.95,19.77,20.86,20.70,20.78
2014,Beed,22.42,21.88,21.16,20.37,21.46,21.22,21.34
2015,Beed,22.42,21.88,21.16,20.37,21.46,21.22,21.34
1997,Nanded,23.46,22.88,22.06,19.77,22.04,21.69,21.87
1998,Nanded,23.94,23.27,22.65,21.43,22.82,22.54,22.68
1999,Nanded,23.13,22.5,21.65,20.04,21.83,21.505,21.6675
2000,Nanded,22.8,22.98,22.14,21.73,22.4125,22.315625,22.3640625
2001,Nanded,23.47,22.4,22.99,20.22,22.27,21.97,22.12
2002,Nanded,24.51,22.31,22.32,20.86,22.50,22.00,22.25
2003,Nanded,23.17,23.08,22.89,20.7,22.46,22.2825,22.37125
2004,Nanded,23.56,22.93,21.98,19.7,22.0425,21.663125,21.8528125
2005,Nanded,22.96,22.67,22.2,20.09,21.98,21.735,21.8575
2006,Nanded,23.06,22.78,22.11,20.38,22.08,21.84,21.96
2007,Nanded,23.98,23.2,22.34,20.09,22.4025,22.008125,22.2053125
2008,Nanded,23.59,23.02,22.04,20.43,22.27,21.94,22.11
2009,Nanded,23.75,23.76,23.37,20.49,22.84,22.62,22.73
2010,Nanded,22.96,23.06,22.72,21.09,22.46,22.33,22.39
2011,Nanded,23.02,22.82,22.52,20.91,22.32,22.14,22.23
2012,Nanded,22.77,22.88,22.55,19.96,22.04,21.86,21.95
2013,Nanded,22.51,22.59,22.83,20.46,22.10,21.99,22.05
2014,Nanded,24.21,24.2,22.6,21.16,23.0425,22.750625,22.8965625
2015,Nanded,24.21,24.2,22.6,21.16,23.0425,22.750625,22.8965625
1997,Osmanabad,21.56,20.7,20.27,19.19,20.43,20.1475,20.28875
1998,Osmanabad,21.92,21.16,20.65,20.27,21.00,20.77,20.89
1999,Osmanabad,21.08,20.53,19.87,19.17,20.16,19.93,20.05
2000,Osmanabad,20.87,20.74,20.33,20.64,20.65,20.59,20.62
2001,Osmanabad,21.87,20.44,21.07,19.34,20.68,20.38,20.53
2002,Osmanabad,22.11,20.55,21.26,20.45,21.09,20.84,20.97
2003,Osmanabad,21.49,21.06,21.18,20.95,21.17,21.09,21.13
2004,Osmanabad,21.76,21.14,20.25,19.23,20.60,20.30,20.45
2005,Osmanabad,21.03,20.07,19.94,19.0,20.01,19.755,19.8825
2006,Osmanabad,21.07,20.76,20.37,19.45,20.41,20.25,20.33
2007,Osmanabad,21.91,20.93,20.22,20.18,20.81,20.54,20.67
2008,Osmanabad,22.53,20.7,19.71,19.57,20.6275,20.151875,20.3896875
2009,Osmanabad,21.5,21.61,21.16,19.95,21.055,20.94375,20.999375
2010,Osmanabad,20.89,20.77,20.38,20.15,20.55,20.46,20.50
2011,Osmanabad,21.32,20.71,20.83,20.59,20.86,20.75,20.81
2012,Osmanabad,21.74,21.45,20.84,19.7,20.9325,20.730625,20.8315625
2013,Osmanabad,20.64,20.86,20.52,20.01,20.51,20.47,20.49
2014,Osmanabad,21.73,21.43,20.79,20.77,21.18,21.04,21.11
2015,Osmanabad,21.73,21.43,20.79,20.77,21.18,21.04,21.11
1997,Buldhana,22.97,22.41,21.8,19.25,21.6075,21.266875,21.4371875
1998,Buldhana,23.64,23.05,22.54,21.42,22.66,22.42,22.54
1999,Buldhana,22.88,22.12,21.46,19.74,21.55,21.22,21.38
2000,Buldhana,22.42,22.91,22.03,21.57,22.23,22.19,22.21
2001,Buldhana,22.97,22.17,22.87,19.79,21.95,21.70,21.82
2002,Buldhana,24.32,21.53,21.58,21.12,22.14,21.59,21.86
2003,Buldhana,22.87,22.86,21.93,20.15,21.95,21.72,21.84
2004,Buldhana,23.82,22.09,22.14,19.38,21.86,21.37,21.61
2005,Buldhana,23.34,22.58,21.88,19.97,21.94,21.59,21.77
2006,Buldhana,22.47,22.06,22.0,20.33,21.715,21.52625,21.620625
2007,Buldhana,23.39,22.58,22.12,19.89,22.00,21.65,21.82
2008,Buldhana,23.57,22.45,21.41,20.51,21.99,21.59,21.79
2009,Buldhana,23.12,23.53,23.56,20.18,22.60,22.47,22.53
2010,Buldhana,23.09,22.66,22.47,20.85,22.27,22.06,22.16
2011,Buldhana,22.9,22.41,22.04,21.44,22.1975,22.021875,22.1096875
2012,Buldhana,23.04,23.11,22.3,20.52,22.2425,22.043125,22.1428125
2013,Buldhana,22.67,22.44,22.61,20.39,22.03,21.87,21.95
2014,Buldhana,24.49,24.09,22.42,21.56,23.14,22.80,22.97
2015,Buldhana,24.49,24.09,22.42,21.56,23.14,22.80,22.97
1997,Akola,23.79,23.29,22.58,19.43,22.27,21.89,22.08
1998,Akola,24.56,23.93,23.36,21.66,23.38,23.08,23.23
1999,Akola,23.69,22.9,22.12,20.07,22.195,21.82125,22.008125
2000,Akola,23.22,23.82,22.77,21.75,22.89,22.81,22.85
2001,Akola,23.63,23.11,23.77,20.14,22.66,22.42,22.54
2002,Akola,24.82,22.21,22.0,20.92,22.4875,21.904375,22.1959375
2003,Akola,23.81,23.63,22.44,20.26,22.54,22.22,22.38
2004,Akola,24.68,22.71,23.12,19.72,22.56,22.03,22.29
2005,Akola,23.92,23.52,22.77,19.99,22.55,22.21,22.38
2006,Akola,23.39,22.79,22.8,20.5,22.37,22.115,22.2425
2007,Akola,24.19,23.59,23.05,19.8,22.6575,22.274375,22.4659375
2008,Akola,24.11,23.47,22.45,20.7,22.6825,22.325625,22.5040625
2009,Akola,23.86,24.3,24.2,20.23,23.1475,22.969375,23.0584375
2010,Akola,23.99,23.75,23.43,21.06,23.06,22.82,22.94
2011,Akola,23.82,23.35,22.76,21.19,22.78,22.52,22.65
2012,Akola,23.59,23.41,22.89,20.26,22.54,22.27,22.41
2013,Akola,22.97,22.91,23.39,20.55,22.46,22.33,22.39
2014,Akola,25.3,24.88,23.03,21.33,23.635,23.21875,23.426875
2015,Akola,25.3,24.88,23.03,21.33,23.635,23.21875,23.426875
1997,Amarawati,23.29,22.95,22.11,18.6,21.7375,21.349375,21.5434375
1998,Amarawati,24.14,23.5,22.92,20.92,22.87,22.5525,22.71125
1999,Amarawati,23.21,22.43,21.57,19.39,21.65,21.26,21.46
2000,Amarawati,22.75,23.44,22.13,20.89,22.30,22.19,22.25
2001,Amarawati,22.94,22.83,23.33,19.46,22.14,21.94,22.04
2002,Amarawati,24.24,21.72,21.4,19.85,21.8025,21.193125,21.4978125
2003,Amarawati,23.41,22.99,21.48,19.27,21.79,21.38,21.58
2004,Amarawati,24.18,22.11,22.78,19.02,22.02,21.48,21.75
2005,Amarawati,23.25,23.08,22.26,19.05,21.91,21.58,21.74
2006,Amarawati,22.94,22.31,22.31,19.77,21.83,21.56,21.69
2007,Amarawati,23.62,23.18,22.63,18.87,22.08,21.69,21.88
2008,Amarawati,23.51,23.13,22.05,19.84,22.13,21.79,21.96
2009,Amarawati,23.27,23.81,23.59,19.24,22.48,22.28,22.38
2010,Amarawati,23.63,23.57,22.94,20.27,22.60,22.35,22.47
2011,Amarawati,23.41,23.05,22.18,20.12,22.19,21.89,22.04
2012,Amarawati,22.99,22.52,22.18,19.2,21.7225,21.405625,21.5640625
2013,Amarawati,22.12,22.18,22.8,19.72,21.705,21.60125,21.653125
2014,Amarawati,24.67,24.18,22.32,20.08,22.81,22.35,22.58
2015,Amarawati,24.67,24.18,22.32,20.08,22.81,22.35,22.58
1997,Yeotmal,23.88,23.4,22.49,19.73,22.375,21.99875,22.186875
1998,Yeotmal,24.44,23.9,23.16,21.78,23.32,23.04,23.18
1999,Yeotmal,23.63,22.97,21.97,20.21,22.20,21.84,22.02
2000,Yeotmal,23.29,23.67,22.5,22.01,22.8675,22.761875,22.8146875
2001,Yeotmal,23.74,22.98,23.52,20.42,22.67,22.40,22.53
2002,Yeotmal,24.92,22.27,22.21,20.78,22.55,21.95,22.25
2003,Yeotmal,23.64,23.41,22.7,20.48,22.5575,22.286875,22.4221875
2004,Yeotmal,24.23,22.94,22.76,20.07,22.50,22.07,22.28
2005,Yeotmal,23.44,23.57,22.73,20.31,22.51,22.28,22.40
2006,Yeotmal,23.6,23.14,22.63,20.82,22.5475,22.284375,22.4159375
2007,Yeotmal,24.26,23.73,22.86,20.03,22.72,22.34,22.53
2008,Yeotmal,23.8,23.6,22.46,20.64,22.625,22.33125,22.478125
2009,Yeotmal,23.88,24.22,24.04,20.41,23.14,22.95,23.04
2010,Yeotmal,23.51,23.6,23.16,21.13,22.85,22.685,22.7675
2011,Yeotmal,23.54,23.11,22.68,20.95,22.57,22.33,22.45
2012,Yeotmal,23.08,23.07,22.65,19.93,22.18,21.96,22.07
2013,Yeotmal,22.7,22.94,23.28,20.61,22.3825,22.303125,22.3428125
2014,Yeotmal,25.22,24.84,22.89,20.96,23.48,23.04,23.26
2015,Yeotmal,25.22,24.84,22.89,20.96,23.48,23.04,23.26
1997,Wardha,24.11,23.7,22.75,19.49,22.5125,22.113125,22.3128125
1998,Wardha,24.86,24.15,23.52,21.66,23.55,23.22,23.38
1999,Wardha,23.91,23.12,22.14,20.29,22.37,21.98,22.17
2000,Wardha,23.52,24.02,22.65,21.64,22.96,22.82,22.89
2001,Wardha,23.79,23.41,23.83,20.29,22.83,22.59,22.71
2002,Wardha,25.27,22.39,22.4,20.41,22.6175,21.954375,22.2859375
2003,Wardha,24.03,23.4,22.29,20.05,22.4425,22.045625,22.2440625
2004,Wardha,24.58,22.91,23.19,19.98,22.67,22.19,22.43
2005,Wardha,23.72,23.75,22.84,20.05,22.59,22.31,22.45
2006,Wardha,23.82,23.28,22.95,20.81,22.72,22.44,22.58
2007,Wardha,24.38,23.83,23.18,19.82,22.80,22.41,22.61
2008,Wardha,24.08,23.84,22.65,20.41,22.75,22.41,22.58
2009,Wardha,23.9,24.39,24.28,20.04,23.1525,22.965625,23.0590625
2010,Wardha,23.99,24.05,23.31,20.95,23.08,22.85,22.96
2011,Wardha,23.92,23.45,22.81,20.73,22.73,22.43,22.58
2012,Wardha,23.32,22.94,22.66,19.68,22.15,21.86,22.00
2013,Wardha,22.76,22.89,23.35,20.43,22.36,22.26,22.31
2014,Wardha,25.42,24.69,22.91,20.42,23.36,22.85,23.10
2015,Wardha,25.42,24.69,22.91,20.42,23.36,22.85,23.10
1997,Nagpur,23.86,23.69,22.83,19.01,22.35,21.97,22.16
1998,Nagpur,24.61,24.13,23.68,21.19,23.40,23.10,23.25
1999,Nagpur,23.69,23.09,22.21,19.99,22.25,21.88,22.06
2000,Nagpur,23.33,24.04,22.6,21.14,22.7775,22.639375,22.7084375
2001,Nagpur,23.44,23.54,23.95,19.84,22.69,22.51,22.60
2002,Nagpur,25.32,22.4,22.57,19.98,22.5675,21.879375,22.2234375
2003,Nagpur,23.84,23.26,22.01,19.51,22.16,21.73,21.94
2004,Nagpur,24.32,22.83,23.35,19.47,22.49,22.04,22.26
2005,Nagpur,23.47,23.71,22.78,19.61,22.39,22.12,22.26
2006,Nagpur,23.48,23.18,23.08,20.47,22.55,22.32,22.44
2007,Nagpur,24.03,23.71,23.18,19.36,22.57,22.21,22.39
2008,Nagpur,23.9,23.84,22.69,19.94,22.5925,22.265625,22.4290625
2009,Nagpur,23.53,24.34,24.35,19.5,22.93,22.78,22.855
2010,Nagpur,23.9,24.14,23.14,20.43,22.9025,22.653125,22.7778125
2011,Nagpur,23.73,23.49,22.74,20.29,22.56,22.27,22.42
2012,Nagpur,22.97,22.86,22.65,19.28,21.94,21.68,21.81
2013,Nagpur,22.51,22.77,23.32,19.83,22.11,22.01,22.06
2014,Nagpur,24.81,24.45,22.82,19.89,22.99,22.54,22.77
2015,Nagpur,24.81,24.45,22.82,19.89,22.99,22.54,22.77
1997,Bhandara,24.16,24.2,23.56,19.79,22.9275,22.619375,22.7734375
1998,Bhandara,24.86,24.59,24.36,21.39,23.80,23.54,23.67
1999,Bhandara,24.0,23.61,22.9,20.66,22.7925,22.490625,22.6415625
2000,Bhandara,23.58,24.41,23.33,21.49,23.20,23.11,23.16
2001,Bhandara,23.62,24.02,24.5,20.34,23.12,22.995,23.0575
2002,Bhandara,25.8,22.88,23.34,20.48,23.125,22.45625,22.790625
2003,Bhandara,24.01,23.58,22.48,20.0,22.5175,22.144375,22.3309375
2004,Bhandara,24.38,23.38,24.04,19.8,22.9,22.53,22.715
2005,Bhandara,23.66,24.21,23.46,20.24,22.89,22.70,22.80
2006,Bhandara,23.75,23.64,23.8,21.0,23.0475,22.871875,22.9596875
2007,Bhandara,24.33,24.23,23.72,19.79,23.02,22.69,22.85
2008,Bhandara,24.22,24.37,23.46,20.42,23.12,22.84,22.98
2009,Bhandara,23.76,24.85,25.02,19.93,23.39,23.30,23.34
2010,Bhandara,24.17,24.68,23.58,20.68,23.28,23.05,23.17
2011,Bhandara,24.05,23.94,23.27,20.79,23.01,22.75,22.88
2012,Bhandara,23.05,23.42,23.32,19.73,22.38,22.21,22.30
2013,Bhandara,22.8,23.26,23.95,20.12,22.5325,22.465625,22.4990625
2014,Bhandara,24.77,24.98,23.34,20.44,23.38,23.04,23.21
2015,Bhandara,24.77,24.98,23.34,20.44,23.38,23.04,23.21
1997,Chandrapur,24.58,24.29,23.44,20.16,23.12,22.75,22.93
1998,Chandrapur,24.9,24.6,24.08,22.23,23.9525,23.715625,23.8340625
1999,Chandrapur,24.35,23.8,22.97,20.75,22.9675,22.621875,22.7946875
2000,Chandrapur,23.91,24.34,23.39,22.35,23.50,23.39,23.45
2001,Chandrapur,23.94,23.77,24.18,20.86,23.19,23.00,23.09
2002,Chandrapur,25.67,22.9,23.42,20.9,23.2225,22.610625,22.9165625
2003,Chandrapur,24.02,23.64,23.16,20.56,22.85,22.55,22.70
2004,Chandrapur,24.38,23.66,23.81,20.47,23.08,22.76,22.92
2005,Chandrapur,23.8,24.34,23.71,20.96,23.2025,23.053125,23.1278125
2006,Chandrapur,24.27,23.97,23.65,21.42,23.33,23.09,23.21
2007,Chandrapur,24.8,24.45,23.68,20.32,23.3125,22.940625,23.1265625
2008,Chandrapur,24.27,24.33,23.59,20.89,23.27,23.02,23.15
2009,Chandrapur,24.25,25.0,25.0,20.56,23.7025,23.565625,23.6340625
2010,Chandrapur,23.99,24.55,23.75,21.15,23.36,23.20,23.28
2011,Chandrapur,24.14,23.87,23.41,21.28,23.18,22.93,23.05
2012,Chandrapur,23.32,23.53,23.34,20.1,22.5725,22.385625,22.4790625
2013,Chandrapur,23.02,23.53,24.12,20.8,22.8675,22.829375,22.8484375
2014,Chandrapur,25.61,25.28,23.48,21.07,23.86,23.42,23.64
2015,Chandrapur,25.61,25.28,23.48,21.07,23.86,23.42,23.64
1997,Jalna,22.5,21.86,21.23,19.15,21.185,20.85625,21.020625
1998,Jalna,23.04,22.48,21.87,20.91,22.08,21.83,21.95
1999,Jalna,22.29,21.67,20.92,19.39,21.07,20.76,20.91
2000,Jalna,21.98,22.25,21.43,21.16,21.71,21.64,21.67
2001,Jalna,22.75,21.62,22.29,19.52,21.55,21.24,21.39
2002,Jalna,24.0,21.29,21.63,21.0,21.98,21.475,21.7275
2003,Jalna,22.4,22.44,21.98,20.42,21.81,21.6625,21.73625
2004,Jalna,23.22,21.87,21.22,18.98,21.32,20.85,21.09
2005,Jalna,22.66,21.7,21.09,19.53,21.245,20.89125,21.068125
2006,Jalna,21.87,21.77,21.36,19.97,21.24,21.09,21.16
2007,Jalna,22.87,21.97,21.42,20.09,21.59,21.27,21.43
2008,Jalna,23.34,21.75,20.59,20.05,21.43,20.96,21.19
2009,Jalna,22.55,22.86,22.91,20.1,22.105,21.99375,22.049375
2010,Jalna,22.29,21.91,21.68,20.59,21.62,21.45,21.53
2011,Jalna,22.23,21.8,21.6,21.03,21.665,21.52375,21.594375
2012,Jalna,22.68,22.96,22.01,20.33,22.00,21.82,21.91
2013,Jalna,22.48,22.17,21.95,20.26,21.72,21.52,21.62
2014,Jalna,23.61,23.12,21.99,21.06,22.45,22.15,22.30
2015,Jalna,23.61,23.12,21.99,21.06,22.45,22.15,22.30
1997,Latur,21.89,21.0,20.52,19.05,20.615,20.29625,20.455625
1998,Latur,22.32,21.42,20.95,20.29,21.25,20.98,21.11
1999,Latur,21.44,20.77,20.09,19.13,20.36,20.09,20.22
2000,Latur,21.2,21.01,20.58,20.65,20.86,20.775,20.8175
2001,Latur,22.08,20.62,21.38,19.32,20.85,20.54,20.70
2002,Latur,22.7,20.8,21.38,20.26,21.285,20.93125,21.108125
2003,Latur,21.71,21.37,21.48,20.59,21.29,21.18,21.23
2004,Latur,22.0,21.51,20.37,18.93,20.7025,20.378125,20.5403125
2005,Latur,21.34,20.32,20.27,19.03,20.24,19.97,20.10
2006,Latur,21.47,21.11,20.59,19.38,20.64,20.43,20.53
2007,Latur,22.42,21.34,20.55,19.77,21.02,20.67,20.85
2008,Latur,22.65,21.07,20.17,19.5,20.8475,20.396875,20.6221875
2009,Latur,22.1,21.98,21.54,19.81,21.3575,21.171875,21.2646875
2010,Latur,21.3,21.2,20.83,20.22,20.8875,20.784375,20.8359375
2011,Latur,21.57,21.07,21.15,20.37,21.04,20.91,20.97
2012,Latur,21.73,21.46,21.24,19.45,20.97,20.78,20.88
2013,Latur,21.02,21.08,20.98,19.7,20.695,20.61375,20.654375
2014,Latur,22.22,21.99,20.99,20.57,21.44,21.25,21.35
2015,Latur,22.22,21.99,20.99,20.57,21.44,21.25,21.35
1997,Gadchiroli,24.13,24.05,23.49,20.71,23.10,22.84,22.97
1998,Gadchiroli,24.41,24.43,23.87,21.84,23.64,23.44,23.54
1999,Gadchiroli,23.91,23.59,22.87,21.08,22.86,22.60,22.73
2000,Gadchiroli,23.44,24.02,23.66,22.14,23.32,23.28,23.30
2001,Gadchiroli,23.39,23.49,24.02,21.04,22.99,22.88,22.93
2002,Gadchiroli,25.36,22.69,23.63,20.89,23.14,22.59,22.87
2003,Gadchiroli,23.55,23.37,23.14,20.51,22.64,22.42,22.53
2004,Gadchiroli,23.83,23.42,23.83,20.44,22.88,22.64,22.76
2005,Gadchiroli,23.42,24.06,23.7,21.18,23.09,23.0075,23.04875
2006,Gadchiroli,23.87,23.72,23.66,21.46,23.18,23.00,23.09
2007,Gadchiroli,24.42,24.18,23.53,20.31,23.11,22.78,22.95
2008,Gadchiroli,23.91,23.95,23.63,20.98,23.12,22.92,23.02
2009,Gadchiroli,23.73,24.77,24.96,20.6,23.515,23.46125,23.488125
2010,Gadchiroli,23.52,24.43,23.46,20.95,23.09,22.98,23.04
2011,Gadchiroli,23.85,23.7,23.26,21.34,23.0375,22.834375,22.9359375
2012,Gadchiroli,22.82,23.32,23.3,20.2,22.41,22.3075,22.35875
2013,Gadchiroli,22.62,23.38,24.06,20.8,22.715,22.73875,22.726875
2014,Gadchiroli,24.96,24.84,23.37,21.15,23.58,23.24,23.41
2015,Gadchiroli,24.96,24.84,23.37,21.15,23.58,23.24,23.41
1997,Sindhudurg,23.53,22.95,22.77,22.46,22.93,22.78,22.85
1998,Sindhudurg,23.75,23.54,22.74,22.7,23.1825,23.040625,23.1115625
1999,Sindhudurg,22.82,23.07,22.3,22.12,22.5775,22.516875,22.5471875
2000,Sindhudurg,22.77,22.86,22.55,23.01,22.80,22.80,22.80
2001,Sindhudurg,22.73,22.59,22.77,21.85,22.49,22.42,22.45
2002,Sindhudurg,23.23,22.87,22.54,22.61,22.81,22.71,22.76
2003,Sindhudurg,23.72,23.02,21.97,22.03,22.69,22.43,22.56
2004,Sindhudurg,22.71,22.72,22.29,22.1,22.455,22.39125,22.423125
2005,Sindhudurg,23.48,22.96,22.41,22.17,22.76,22.57,22.66
2006,Sindhudurg,23.1,22.8,22.68,22.33,22.7275,22.634375,22.6809375
2007,Sindhudurg,23.49,23.02,22.37,22.34,22.81,22.63,22.72
2008,Sindhudurg,23.03,22.85,22.39,22.6,22.7175,22.639375,22.6784375
2009,Sindhudurg,23.14,23.56,22.99,22.32,23.00,22.97,22.99
2010,Sindhudurg,23.11,23.41,22.55,22.31,22.85,22.78,22.81
2011,Sindhudurg,22.83,22.92,22.04,22.69,22.62,22.57,22.59
2012,Sindhudurg,23.13,22.93,22.24,22.42,22.68,22.57,22.62
2013,Sindhudurg,22.3,22.54,22.55,22.09,22.37,22.3875,22.37875
2014,Sindhudurg,23.19,23.3,22.46,21.97,22.73,22.615,22.6725
2015,Sindhudurg,23.19,23.3,22.46,21.97,22.73,22.615,22.6725
1997,Gondia,23.91,23.98,23.39,19.95,22.81,22.53,22.67
1998,Gondia,24.46,24.44,23.94,21.19,23.51,23.27,23.39
1999,Gondia,23.83,23.5,22.74,20.55,22.655,22.36125,22.508125
2000,Gondia,23.37,24.23,23.34,21.51,23.11,23.05,23.08
2001,Gondia,23.37,23.82,24.37,20.34,22.98,22.88,22.93
2002,Gondia,25.73,22.71,23.29,20.43,23.04,22.37,22.70
2003,Gondia,23.84,23.35,22.29,19.9,22.345,21.97125,22.158125
2004,Gondia,24.12,23.2,23.96,19.63,22.7275,22.379375,22.5534375
2005,Gondia,23.46,24.0,23.38,20.21,22.7625,22.588125,22.6753125
2006,Gondia,23.54,23.39,23.74,20.94,22.90,22.74,22.82
2007,Gondia,24.16,24.0,23.58,19.71,22.8625,22.538125,22.7003125
2008,Gondia,24.08,24.18,23.39,20.38,23.01,22.74,22.87
2009,Gondia,23.59,24.62,24.9,19.84,23.2375,23.149375,23.1934375
2010,Gondia,24.01,24.47,23.44,20.51,23.11,22.88,22.99
2011,Gondia,23.98,23.72,23.13,20.71,22.89,22.61,22.75
2012,Gondia,22.92,23.27,23.28,19.67,22.29,22.13,22.21
2013,Gondia,22.7,23.07,23.82,19.95,22.385,22.30625,22.345625
2014,Gondia,24.43,24.74,23.23,20.39,23.20,22.89,23.04
2015,Gondia,24.43,24.74,23.23,20.39,23.20,22.89,23.04
1997,Hingoli,22.69,22.15,21.45,19.13,21.36,21.02,21.19
1998,Hingoli,23.34,22.72,22.12,20.9,22.27,22.0025,22.13625
1999,Hingoli,22.55,21.85,21.05,19.43,21.22,20.89,21.05
2000,Hingoli,22.15,22.52,21.58,21.26,21.88,21.81,21.84
2001,Hingoli,22.92,21.8,22.61,19.67,21.75,21.4575,21.60375
2002,Hingoli,24.06,21.43,21.51,20.54,21.89,21.34,21.61
2003,Hingoli,22.61,22.68,22.29,20.29,21.97,21.81,21.89
2004,Hingoli,23.32,22.09,21.48,19.14,21.51,21.05,21.28
2005,Hingoli,22.64,22.15,21.56,19.6,21.4875,21.199375,21.3434375
2006,Hingoli,22.28,22.04,21.61,19.91,21.46,21.26,21.36
2007,Hingoli,23.24,22.48,21.73,19.67,21.78,21.42,21.60
2008,Hingoli,23.12,22.27,21.23,20.06,21.67,21.31,21.49
2009,Hingoli,22.93,23.08,23.01,20.05,22.27,22.10,22.18
2010,Hingoli,22.46,22.26,22.09,20.61,21.86,21.70,21.78
2011,Hingoli,22.43,22.02,21.83,20.56,21.71,21.53,21.62
2012,Hingoli,22.33,22.59,22.05,19.75,21.68,21.52,21.60
2013,Hingoli,22.2,22.15,22.31,20.04,21.675,21.54375,21.609375
2014,Hingoli,23.91,23.66,22.1,20.81,22.62,22.2975,22.45875
2015,Hingoli,23.91,23.66,22.1,20.81,22.62,22.2975,22.45875
1997,Nandurbar,24.29,23.38,22.48,19.36,22.38,21.90,22.14
1998,Nandurbar,24.63,24.07,23.09,21.72,23.38,23.06,23.22
1999,Nandurbar,24.09,23.23,22.52,19.87,22.43,22.01,22.22
2000,Nandurbar,23.65,23.9,22.63,21.52,22.925,22.74375,22.834375
2001,Nandurbar,23.32,23.41,23.03,20.06,22.46,22.24,22.35
2002,Nandurbar,24.86,22.79,22.39,21.3,22.835,22.32875,22.581875
2003,Nandurbar,24.1,23.6,21.86,20.04,22.4,21.975,22.1875
2004,Nandurbar,24.68,22.49,23.28,19.39,22.46,21.91,22.18
2005,Nandurbar,24.23,22.96,22.04,19.38,22.15,21.63,21.89
2006,Nandurbar,23.49,22.24,22.54,20.32,22.15,21.81,21.98
2007,Nandurbar,24.18,23.25,22.78,19.56,22.44,22.01,22.23
2008,Nandurbar,24.11,23.34,22.16,20.52,22.53,22.14,22.34
2009,Nandurbar,24.12,24.4,24.17,19.91,23.15,22.9075,23.02875
2010,Nandurbar,24.44,23.79,23.41,21.45,23.27,22.98,23.13
2011,Nandurbar,23.93,23.5,22.5,21.17,22.775,22.48625,22.630625
2012,Nandurbar,24.86,23.86,22.68,20.48,22.97,22.50,22.73
2013,Nandurbar,23.21,23.08,22.81,20.21,22.33,22.11,22.22
2014,Nandurbar,25.01,24.26,22.72,21.5,23.3725,22.963125,23.1678125
2015,Nandurbar,25.01,24.26,22.72,21.5,23.3725,22.963125,23.1678125
1997,Washim,22.76,22.12,21.52,19.05,21.36,21.01,21.19
1998,Washim,23.44,22.72,22.3,21.12,22.395,22.13375,22.264375
1999,Washim,22.57,21.78,21.07,19.58,21.25,20.92,21.09
2000,Washim,22.19,22.55,21.7,21.32,21.94,21.8775,21.90875
2001,Washim,22.83,21.84,22.78,19.76,21.80,21.55,21.67
2002,Washim,24.0,21.16,21.24,20.54,21.735,21.16875,21.451875
2003,Washim,22.7,22.61,21.96,20.14,21.8525,21.640625,21.7465625
2004,Washim,23.54,21.77,21.84,19.31,21.62,21.13,21.37
2005,Washim,22.76,22.34,21.7,19.65,21.6125,21.325625,21.4690625
2006,Washim,22.34,21.84,21.74,20.08,21.50,21.29,21.40
2007,Washim,23.19,22.46,21.88,19.55,21.77,21.42,21.59
2008,Washim,23.06,22.28,21.34,20.22,21.73,21.39,21.56
2009,Washim,22.86,23.08,23.19,19.98,22.28,22.13,22.20
2010,Washim,22.67,22.34,22.25,20.64,21.98,21.80,21.89
2011,Washim,22.6,22.0,21.77,20.63,21.75,21.5375,21.64375
2012,Washim,22.37,22.41,21.97,19.79,21.64,21.45,21.54
2013,Washim,22.1,21.98,22.41,20.11,21.65,21.5375,21.59375
2014,Washim,24.2,23.73,22.11,20.82,22.715,22.34375,22.529375
2015,Washim,24.2,23.73,22.11,20.82,22.715,22.34375,22.529375
1997,Mumbai sub,26.02,25.02,24.85,23.81,24.93,24.65,24.79
1998,Mumbai sub,26.07,25.52,25.23,25.15,25.49,25.35,25.42
1999,Mumbai sub,25.47,25.0,24.63,23.88,24.745,24.56375,24.654375
2000,Mumbai sub,25.32,25.03,24.86,25.37,25.15,25.10,25.12
2001,Mumbai sub,24.86,24.8,25.29,24.22,24.7925,24.775625,24.7840625
2002,Mumbai sub,26.12,24.78,25.02,24.84,25.19,24.96,25.07
2003,Mumbai sub,25.85,25.04,24.47,24.51,24.97,24.75,24.86
2004,Mumbai sub,25.58,24.51,25.06,23.77,24.73,24.52,24.62
2005,Mumbai sub,25.74,24.64,24.55,24.13,24.77,24.52,24.64
2006,Mumbai sub,25.32,24.28,24.95,24.42,24.74,24.60,24.67
2007,Mumbai sub,25.74,25.11,25.24,24.62,25.18,25.04,25.11
2008,Mumbai sub,25.14,24.65,24.77,24.43,24.75,24.65,24.70
2009,Mumbai sub,25.46,25.53,25.53,23.98,25.13,25.04,25.08
2010,Mumbai sub,25.43,25.14,25.17,24.89,25.16,25.09,25.12
2011,Mumbai sub,25.26,25.0,24.66,24.41,24.8325,24.725625,24.7790625
2012,Mumbai sub,26.17,25.44,24.89,24.43,25.23,25.00,25.12
2013,Mumbai sub,24.59,24.57,24.96,24.44,24.64,24.65,24.65
2014,Mumbai sub,25.74,25.17,25.08,24.42,25.10,24.94,25.02
2015,Mumbai sub,25.74,25.17,25.08,24.42,25.10,24.94,25.02
1997,Mumbai City,26.17,25.2,25.11,24.16,25.16,24.9075,25.03375
1998,Mumbai City,26.2,25.7,25.47,25.37,25.685,25.55625,25.620625
1999,Mumbai City,25.61,25.18,24.87,24.19,24.96,24.80,24.88
2000,Mumbai City,25.47,25.18,25.09,25.62,25.34,25.31,25.32
2001,Mumbai City,25.04,24.98,25.52,24.48,25.01,25.00,25.00
2002,Mumbai City,26.26,24.97,25.27,25.11,25.40,25.19,25.30
2003,Mumbai City,26.0,25.21,24.71,24.81,25.1825,24.978125,25.0803125
2004,Mumbai City,25.68,24.72,25.27,24.07,24.94,24.75,24.84
2005,Mumbai City,25.89,24.85,24.83,24.45,25.01,24.78,24.89
2006,Mumbai City,25.47,24.49,25.19,24.7,24.9625,24.835625,24.8990625
2007,Mumbai City,25.89,25.3,25.48,24.92,25.3975,25.274375,25.3359375
2008,Mumbai City,25.3,24.84,25.01,24.7,24.9625,24.878125,24.9203125
2009,Mumbai City,25.61,25.7,25.75,24.28,25.335,25.26625,25.300625
2010,Mumbai City,25.56,25.32,25.41,25.16,25.36,25.31,25.34
2011,Mumbai City,25.39,25.16,24.91,24.68,25.04,24.95,24.99
2012,Mumbai City,26.27,25.61,25.14,24.72,25.44,25.23,25.33
2013,Mumbai City,24.74,24.76,25.21,24.71,24.86,24.88,24.87
2014,Mumbai City,25.88,25.33,25.33,24.7,25.31,25.1675,25.23875
2015,Mumbai City,25.88,25.33,25.33,24.7,25.31,25.1675,25.23875
1997,Palghar,25.43,24.4,23.48,22.03,23.835,23.43625,23.635625
1998,Palghar,25.56,24.96,23.89,23.66,24.52,24.26,24.39
1999,Palghar,24.98,24.4,23.41,22.16,23.7375,23.426875,23.5821875
2000,Palghar,24.75,24.51,23.58,23.75,24.15,24.00,24.07
2001,Palghar,24.25,24.25,24.07,22.61,23.80,23.68,23.74
2002,Palghar,25.61,24.13,23.67,23.19,24.15,23.79,23.97
2003,Palghar,25.35,24.54,23.23,22.78,23.98,23.63,23.80
2004,Palghar,25.26,23.79,23.88,21.97,23.73,23.34,23.53
2005,Palghar,25.2,23.94,23.15,22.26,23.6375,23.246875,23.4421875
2006,Palghar,24.74,23.57,23.69,22.77,23.69,23.43,23.56
2007,Palghar,25.23,24.45,24.0,22.83,24.1275,23.851875,23.9896875
2008,Palghar,24.58,24.03,23.45,22.79,23.71,23.50,23.60
2009,Palghar,24.95,25.0,24.38,22.24,24.1425,23.940625,24.0415625
2010,Palghar,25.02,24.61,23.98,23.3,24.2275,24.029375,24.1284375
2011,Palghar,24.86,24.48,23.38,22.77,23.87,23.63,23.75
2012,Palghar,25.84,24.94,23.6,22.73,24.2775,23.886875,24.0821875
2013,Palghar,24.03,23.93,23.67,22.84,23.62,23.51,23.57
2014,Palghar,25.3,24.66,23.81,22.77,24.135,23.84375,23.989375
2015,Palghar,25.3,24.66,23.81,22.77,24.135,23.84375,23.989375